{
 "method": "GPS tau/gamma sensitivity sweep, offline replay from saved GPS-v2 stores (no generation/retrieval/linking/KG rerun)",
 "calibrated": {
  "tau": 0.6,
  "gamma": 0.4
 },
 "grid": {
  "tau": [
   0.5,
   0.55,
   0.6,
   0.65,
   0.7
  ],
  "gamma": [
   0.2,
   0.4,
   0.6,
   0.8,
   1.0
  ]
 },
 "runs": {
  "RealMedQA adaptive": {
   "calibrated_auroc": 0.7574110671936758,
   "calibrated_usable": 195,
   "auroc_min": 0.5958563535911602,
   "auroc_max": 0.7574110671936758,
   "auroc_mean": 0.710835485429572,
   "auroc_std": 0.03848756471468154,
   "auroc_range": 0.1615547136025156,
   "usable_min": 191,
   "usable_max": 197,
   "grid": {
    "tau0.5_gamma0.2": {
     "auroc": 0.731427174975562,
     "usable": 197
    },
    "tau0.5_gamma0.4": {
     "auroc": 0.7280058651026393,
     "usable": 197
    },
    "tau0.5_gamma0.6": {
     "auroc": 0.7140762463343108,
     "usable": 197
    },
    "tau0.5_gamma0.8": {
     "auroc": 0.7077223851417399,
     "usable": 197
    },
    "tau0.5_gamma1.0": {
     "auroc": 0.6590909090909092,
     "usable": 197
    },
    "tau0.55_gamma0.2": {
     "auroc": 0.7346041055718475,
     "usable": 197
    },
    "tau0.55_gamma0.4": {
     "auroc": 0.7304496578690127,
     "usable": 197
    },
    "tau0.55_gamma0.6": {
     "auroc": 0.7130987292277615,
     "usable": 197
    },
    "tau0.55_gamma0.8": {
     "auroc": 0.7130987292277615,
     "usable": 197
    },
    "tau0.55_gamma1.0": {
     "auroc": 0.6500488758553273,
     "usable": 197
    },
    "tau0.6_gamma0.2": {
     "auroc": 0.7551877470355731,
     "usable": 195
    },
    "tau0.6_gamma0.4": {
     "auroc": 0.7574110671936758,
     "usable": 195
    },
    "tau0.6_gamma0.6": {
     "auroc": 0.7346837944664031,
     "usable": 195
    },
    "tau0.6_gamma0.8": {
     "auroc": 0.7467885375494071,
     "usable": 195
    },
    "tau0.6_gamma1.0": {
     "auroc": 0.6793478260869565,
     "usable": 195
    },
    "tau0.65_gamma0.2": {
     "auroc": 0.7439890710382514,
     "usable": 193
    },
    "tau0.65_gamma0.4": {
     "auroc": 0.75,
     "usable": 193
    },
    "tau0.65_gamma0.6": {
     "auroc": 0.7259562841530056,
     "usable": 193
    },
    "tau0.65_gamma0.8": {
     "auroc": 0.7513661202185793,
     "usable": 193
    },
    "tau0.65_gamma1.0": {
     "auroc": 0.669672131147541,
     "usable": 193
    },
    "tau0.7_gamma0.2": {
     "auroc": 0.7118784530386741,
     "usable": 191
    },
    "tau0.7_gamma0.4": {
     "auroc": 0.7162983425414364,
     "usable": 191
    },
    "tau0.7_gamma0.6": {
     "auroc": 0.6779005524861879,
     "usable": 191
    },
    "tau0.7_gamma0.8": {
     "auroc": 0.67292817679558,
     "usable": 191
    },
    "tau0.7_gamma1.0": {
     "auroc": 0.5958563535911602,
     "usable": 191
    }
   }
  },
  "RealMedQA strict": {
   "calibrated_auroc": 0.7455357142857144,
   "calibrated_usable": 142,
   "auroc_min": 0.5308571428571428,
   "auroc_max": 0.9019327129563349,
   "auroc_mean": 0.7337103766801877,
   "auroc_std": 0.09058748574296684,
   "auroc_range": 0.3710755700991921,
   "usable_min": 139,
   "usable_max": 171,
   "grid": {
    "tau0.5_gamma0.2": {
     "auroc": 0.9019327129563349,
     "usable": 171
    },
    "tau0.5_gamma0.4": {
     "auroc": 0.8960272011453114,
     "usable": 171
    },
    "tau0.5_gamma0.6": {
     "auroc": 0.8891374373657838,
     "usable": 171
    },
    "tau0.5_gamma0.8": {
     "auroc": 0.8811739441660701,
     "usable": 171
    },
    "tau0.5_gamma1.0": {
     "auroc": 0.8583571939871152,
     "usable": 171
    },
    "tau0.55_gamma0.2": {
     "auroc": 0.7448326771653544,
     "usable": 143
    },
    "tau0.55_gamma0.4": {
     "auroc": 0.7315452755905512,
     "usable": 143
    },
    "tau0.55_gamma0.6": {
     "auroc": 0.7086614173228346,
     "usable": 143
    },
    "tau0.55_gamma0.8": {
     "auroc": 0.6961122047244094,
     "usable": 143
    },
    "tau0.55_gamma1.0": {
     "auroc": 0.6311515748031497,
     "usable": 143
    },
    "tau0.6_gamma0.2": {
     "auroc": 0.7547123015873016,
     "usable": 142
    },
    "tau0.6_gamma0.4": {
     "auroc": 0.7455357142857144,
     "usable": 142
    },
    "tau0.6_gamma0.6": {
     "auroc": 0.7276785714285714,
     "usable": 142
    },
    "tau0.6_gamma0.8": {
     "auroc": 0.7137896825396824,
     "usable": 142
    },
    "tau0.6_gamma1.0": {
     "auroc": 0.6530257936507936,
     "usable": 142
    },
    "tau0.65_gamma0.2": {
     "auroc": 0.7512,
     "usable": 140
    },
    "tau0.65_gamma0.4": {
     "auroc": 0.7477333333333332,
     "usable": 140
    },
    "tau0.65_gamma0.6": {
     "auroc": 0.7352,
     "usable": 140
    },
    "tau0.65_gamma0.8": {
     "auroc": 0.7237333333333333,
     "usable": 140
    },
    "tau0.65_gamma1.0": {
     "auroc": 0.6549333333333333,
     "usable": 140
    },
    "tau0.7_gamma0.2": {
     "auroc": 0.6945714285714286,
     "usable": 139
    },
    "tau0.7_gamma0.4": {
     "auroc": 0.6894285714285714,
     "usable": 139
    },
    "tau0.7_gamma0.6": {
     "auroc": 0.648,
     "usable": 139
    },
    "tau0.7_gamma0.8": {
     "auroc": 0.6334285714285715,
     "usable": 139
    },
    "tau0.7_gamma1.0": {
     "auroc": 0.5308571428571428,
     "usable": 139
    }
   }
  },
  "HotpotQA": {
   "calibrated_auroc": 0.5138305322128851,
   "calibrated_usable": 158,
   "auroc_min": 0.49999999999999994,
   "auroc_max": 0.5527845036319613,
   "auroc_mean": 0.5255991034499674,
   "auroc_std": 0.014468778083282922,
   "auroc_range": 0.052784503631961355,
   "usable_min": 154,
   "usable_max": 169,
   "grid": {
    "tau0.5_gamma0.2": {
     "auroc": 0.5129022465088039,
     "usable": 169
    },
    "tau0.5_gamma0.4": {
     "auroc": 0.5215543412264725,
     "usable": 169
    },
    "tau0.5_gamma0.6": {
     "auroc": 0.5275500910746813,
     "usable": 169
    },
    "tau0.5_gamma0.8": {
     "auroc": 0.5384790528233151,
     "usable": 169
    },
    "tau0.5_gamma1.0": {
     "auroc": 0.5451578627808136,
     "usable": 169
    },
    "tau0.55_gamma0.2": {
     "auroc": 0.5265536723163842,
     "usable": 164
    },
    "tau0.55_gamma0.4": {
     "auroc": 0.5275221953188055,
     "usable": 164
    },
    "tau0.55_gamma0.6": {
     "auroc": 0.5338983050847457,
     "usable": 164
    },
    "tau0.55_gamma0.8": {
     "auroc": 0.5456012913640031,
     "usable": 164
    },
    "tau0.55_gamma1.0": {
     "auroc": 0.5527845036319613,
     "usable": 164
    },
    "tau0.6_gamma0.2": {
     "auroc": 0.5117296918767507,
     "usable": 158
    },
    "tau0.6_gamma0.4": {
     "auroc": 0.5138305322128851,
     "usable": 158
    },
    "tau0.6_gamma0.6": {
     "auroc": 0.5220588235294118,
     "usable": 158
    },
    "tau0.6_gamma0.8": {
     "auroc": 0.5329131652661064,
     "usable": 158
    },
    "tau0.6_gamma1.0": {
     "auroc": 0.5421043417366946,
     "usable": 158
    },
    "tau0.65_gamma0.2": {
     "auroc": 0.49999999999999994,
     "usable": 156
    },
    "tau0.65_gamma0.4": {
     "auroc": 0.5055374001452433,
     "usable": 156
    },
    "tau0.65_gamma0.6": {
     "auroc": 0.5155228758169934,
     "usable": 156
    },
    "tau0.65_gamma0.8": {
     "auroc": 0.5262345679012346,
     "usable": 156
    },
    "tau0.65_gamma1.0": {
     "auroc": 0.5358569353667393,
     "usable": 156
    },
    "tau0.7_gamma0.2": {
     "auroc": 0.5032691948440128,
     "usable": 154
    },
    "tau0.7_gamma0.4": {
     "auroc": 0.5043900616476742,
     "usable": 154
    },
    "tau0.7_gamma0.6": {
     "auroc": 0.5198019801980198,
     "usable": 154
    },
    "tau0.7_gamma0.8": {
     "auroc": 0.5303568092658323,
     "usable": 154
    },
    "tau0.7_gamma1.0": {
     "auroc": 0.544367644311601,
     "usable": 154
    }
   }
  },
  "HotpotQA FullWiki": {
   "calibrated_auroc": 0.5432,
   "calibrated_usable": 185,
   "auroc_min": 0.5349234554401312,
   "auroc_max": 0.5646451612903227,
   "auroc_mean": 0.5470402476807709,
   "auroc_std": 0.0075340390405987815,
   "auroc_range": 0.029721705850191515,
   "usable_min": 182,